46082,192.168.1.205,"46,240605276097%"
28802,109.232.193.8,"28,9011308789147%"
1800,192.168.14.1,"1,80619524970649%"
547,109.232.193.114,"0,548882667549696%"
310,66.249.92.146,"0,311066959671674%"
279,66.249.92.147,"0,279960263704506%"
209,66.249.92.148,"0,209719337327032%"
98,157.90.99.18,"0,0983372969284646%"
96,109.232.197.19,"0,0963304133176796%"
88,159.69.173.68,"0,0883028788745397%"
83,66.102.8.51,"0,0832856698475772%"
80,188.34.148.250,"0,0802753444313997%"
80,109.232.197.20,"0,0802753444313997%"
78,188.34.148.200,"0,0782684608206147%"
78,168.119.133.91,"0,0782684608206147%"
76,188.34.148.119,"0,0762615772098297%"
76,159.69.173.93,"0,0762615772098297%"
74,89.248.171.23,"0,0742546935990447%"
74,188.34.148.240,"0,0742546935990447%"
74,188.34.148.169,"0,0742546935990447%"
74,188.34.148.121,"0,0742546935990447%"
74,109.232.197.81,"0,0742546935990447%"
72,188.34.148.227,"0,0722478099882597%"
72,188.34.148.196,"0,0722478099882597%"
72,188.34.148.156,"0,0722478099882597%"
72,188.34.148.126,"0,0722478099882597%"
72,168.119.133.83,"0,0722478099882597%"
72,159.69.173.78,"0,0722478099882597%"
72,157.90.99.2,"0,0722478099882597%"
72,157.90.99.16,"0,0722478099882597%"
72,157.90.99.10,"0,0722478099882597%"
71,66.102.8.55,"0,0712443681828672%"
70,188.34.148.172,"0,0702409263774747%"
70,188.34.148.139,"0,0702409263774747%"
70,159.69.173.94,"0,0702409263774747%"
70,159.69.173.74,"0,0702409263774747%"
70,159.69.173.70,"0,0702409263774747%"
70,159.69.172.168,"0,0702409263774747%"
70,157.90.99.30,"0,0702409263774747%"
70,157.90.99.25,"0,0702409263774747%"
69,109.232.197.21,"0,0692374845720822%"
68,188.34.148.206,"0,0682340427666898%"
68,188.34.148.137,"0,0682340427666898%"
68,159.69.172.181,"0,0682340427666898%"
68,157.90.99.27,"0,0682340427666898%"
66,188.34.148.199,"0,0662271591559048%"
66,188.34.148.198,"0,0662271591559048%"
66,188.34.148.124,"0,0662271591559048%"
66,168.119.133.86,"0,0662271591559048%"
66,168.119.133.80,"0,0662271591559048%"
66,159.69.172.182,"0,0662271591559048%"
66,157.90.99.26,"0,0662271591559048%"
64,188.34.148.222,"0,0642202755451198%"
64,188.34.148.120,"0,0642202755451198%"
64,168.119.133.89,"0,0642202755451198%"
64,159.69.173.79,"0,0642202755451198%"
64,159.69.172.175,"0,0642202755451198%"
64,157.90.99.17,"0,0642202755451198%"
64,104.224.13.88,"0,0642202755451198%"
62,66.102.8.53,"0,0622133919343348%"
62,188.34.149.26,"0,0622133919343348%"
62,188.34.149.25,"0,0622133919343348%"
62,188.34.149.21,"0,0622133919343348%"
62,188.34.148.239,"0,0622133919343348%"
62,188.34.148.230,"0,0622133919343348%"
62,188.34.148.221,"0,0622133919343348%"
62,188.34.148.218,"0,0622133919343348%"
62,188.34.148.175,"0,0622133919343348%"
62,188.34.148.125,"0,0622133919343348%"
62,168.119.133.90,"0,0622133919343348%"
62,168.119.133.82,"0,0622133919343348%"
62,168.119.133.72,"0,0622133919343348%"
62,168.119.133.70,"0,0622133919343348%"
62,168.119.133.68,"0,0622133919343348%"
62,159.69.172.167,"0,0622133919343348%"
62,157.90.99.7,"0,0622133919343348%"
62,157.90.99.5,"0,0622133919343348%"
62,104.224.13.64,"0,0622133919343348%"
60,188.34.148.252,"0,0602065083235498%"
60,188.34.148.234,"0,0602065083235498%"
60,188.34.148.228,"0,0602065083235498%"
60,188.34.148.219,"0,0602065083235498%"
60,188.34.148.207,"0,0602065083235498%"
60,188.34.148.176,"0,0602065083235498%"
60,188.34.148.171,"0,0602065083235498%"
60,188.34.148.136,"0,0602065083235498%"
60,188.34.148.117,"0,0602065083235498%"
60,168.119.133.81,"0,0602065083235498%"
60,159.69.172.188,"0,0602065083235498%"
60,159.69.172.183,"0,0602065083235498%"
60,159.69.172.174,"0,0602065083235498%"
60,159.69.172.172,"0,0602065083235498%"
60,157.90.99.15,"0,0602065083235498%"
58,188.34.148.248,"0,0581996247127648%"
58,188.34.148.195,"0,0581996247127648%"
58,188.34.148.174,"0,0581996247127648%"
58,188.34.148.141,"0,0581996247127648%"
58,188.34.148.122,"0,0581996247127648%"
58,168.119.133.92,"0,0581996247127648%"
58,159.69.173.67,"0,0581996247127648%"
58,157.90.99.12,"0,0581996247127648%"
58,104.224.13.92,"0,0581996247127648%"
58,104.224.13.83,"0,0581996247127648%"
58,104.224.13.82,"0,0581996247127648%"
58,104.224.13.8,"0,0581996247127648%"
58,104.224.13.61,"0,0581996247127648%"
58,104.224.13.47,"0,0581996247127648%"
57,188.34.148.243,"0,0571961829073723%"
57,109.232.197.82,"0,0571961829073723%"
56,188.34.148.251,"0,0561927411019798%"
56,188.34.148.245,"0,0561927411019798%"
56,188.34.148.241,"0,0561927411019798%"
56,188.34.148.229,"0,0561927411019798%"
56,188.34.148.220,"0,0561927411019798%"
56,188.34.148.201,"0,0561927411019798%"
56,188.34.148.197,"0,0561927411019798%"
56,188.34.148.162,"0,0561927411019798%"
56,188.34.148.138,"0,0561927411019798%"
56,168.119.133.69,"0,0561927411019798%"
56,159.69.173.73,"0,0561927411019798%"
56,159.69.172.186,"0,0561927411019798%"
56,157.90.99.8,"0,0561927411019798%"
54,188.34.149.29,"0,0541858574911948%"
54,188.34.149.28,"0,0541858574911948%"
54,188.34.149.27,"0,0541858574911948%"
54,188.34.148.253,"0,0541858574911948%"
54,188.34.148.244,"0,0541858574911948%"
54,188.34.148.177,"0,0541858574911948%"
54,188.34.148.114,"0,0541858574911948%"
54,168.119.133.94,"0,0541858574911948%"
54,168.119.133.73,"0,0541858574911948%"
54,168.119.133.71,"0,0541858574911948%"
54,159.69.173.84,"0,0541858574911948%"
54,159.69.172.177,"0,0541858574911948%"
54,159.69.172.165,"0,0541858574911948%"
54,159.69.172.162,"0,0541858574911948%"
54,157.90.99.9,"0,0541858574911948%"
54,104.224.13.104,"0,0541858574911948%"
52,188.34.149.22,"0,0521789738804098%"
52,188.34.148.242,"0,0521789738804098%"
52,188.34.148.236,"0,0521789738804098%"
52,188.34.148.202,"0,0521789738804098%"
52,188.34.148.165,"0,0521789738804098%"
52,188.34.148.163,"0,0521789738804098%"
52,188.34.148.144,"0,0521789738804098%"
52,188.34.148.131,"0,0521789738804098%"
52,188.34.148.115,"0,0521789738804098%"
52,168.119.133.84,"0,0521789738804098%"
52,168.119.133.79,"0,0521789738804098%"
52,168.119.133.77,"0,0521789738804098%"
52,168.119.133.76,"0,0521789738804098%"
52,168.119.133.75,"0,0521789738804098%"
52,168.119.133.66,"0,0521789738804098%"
52,159.69.173.69,"0,0521789738804098%"
52,159.69.172.180,"0,0521789738804098%"
52,159.69.172.173,"0,0521789738804098%"
52,157.90.99.6,"0,0521789738804098%"
52,157.90.99.4,"0,0521789738804098%"
52,157.90.99.23,"0,0521789738804098%"
52,157.90.99.22,"0,0521789738804098%"
52,157.90.99.21,"0,0521789738804098%"
52,157.90.99.13,"0,0521789738804098%"
52,109.232.197.83,"0,0521789738804098%"
52,104.224.14.15,"0,0521789738804098%"
52,104.224.13.7,"0,0521789738804098%"
50,35.176.195.46,"0,0501720902696248%"
50,188.34.148.226,"0,0501720902696248%"
50,188.34.148.209,"0,0501720902696248%"
50,188.34.148.205,"0,0501720902696248%"
50,188.34.148.157,"0,0501720902696248%"
50,188.34.148.145,"0,0501720902696248%"
50,159.69.173.83,"0,0501720902696248%"
50,159.69.173.80,"0,0501720902696248%"
50,159.69.173.75,"0,0501720902696248%"
50,159.69.172.187,"0,0501720902696248%"
50,159.69.172.179,"0,0501720902696248%"
50,159.69.172.170,"0,0501720902696248%"
50,159.69.172.166,"0,0501720902696248%"
50,157.90.99.3,"0,0501720902696248%"
50,157.90.99.28,"0,0501720902696248%"
50,157.90.99.11,"0,0501720902696248%"
50,104.224.14.98,"0,0501720902696248%"
50,104.224.14.32,"0,0501720902696248%"
50,104.224.14.22,"0,0501720902696248%"
50,104.224.14.107,"0,0501720902696248%"
50,104.224.13.58,"0,0501720902696248%"
48,188.34.149.24,"0,0481652066588398%"
48,188.34.149.23,"0,0481652066588398%"
48,188.34.148.143,"0,0481652066588398%"
48,188.34.148.134,"0,0481652066588398%"
48,188.34.148.116,"0,0481652066588398%"
48,159.69.173.82,"0,0481652066588398%"
48,157.90.99.19,"0,0481652066588398%"
48,104.224.14.9,"0,0481652066588398%"
48,104.224.14.71,"0,0481652066588398%"
48,104.224.14.69,"0,0481652066588398%"
48,104.224.14.24,"0,0481652066588398%"
48,104.224.14.100,"0,0481652066588398%"
48,104.224.13.108,"0,0481652066588398%"
46,188.34.149.30,"0,0461583230480548%"
46,188.34.148.246,"0,0461583230480548%"
46,188.34.148.233,"0,0461583230480548%"
46,188.34.148.173,"0,0461583230480548%"
46,188.34.148.118,"0,0461583230480548%"
46,168.119.133.93,"0,0461583230480548%"
46,159.69.173.81,"0,0461583230480548%"
46,159.69.173.66,"0,0461583230480548%"
46,159.69.172.178,"0,0461583230480548%"
46,159.69.172.169,"0,0461583230480548%"
46,159.69.172.164,"0,0461583230480548%"
46,109.232.197.84,"0,0461583230480548%"
46,104.224.14.70,"0,0461583230480548%"
46,104.224.14.66,"0,0461583230480548%"
46,104.224.14.28,"0,0461583230480548%"
46,104.224.14.27,"0,0461583230480548%"
46,104.224.14.23,"0,0461583230480548%"
46,104.224.14.18,"0,0461583230480548%"
46,104.224.14.11,"0,0461583230480548%"
46,104.224.13.9,"0,0461583230480548%"
46,104.224.13.60,"0,0461583230480548%"
45,188.34.148.232,"0,0451548812426623%"
44,188.34.148.247,"0,0441514394372698%"
44,188.34.148.133,"0,0441514394372698%"
44,168.119.133.67,"0,0441514394372698%"
44,159.69.173.85,"0,0441514394372698%"
44,159.69.173.72,"0,0441514394372698%"
44,157.90.99.29,"0,0441514394372698%"
44,157.90.99.14,"0,0441514394372698%"
44,104.224.14.36,"0,0441514394372698%"
44,104.224.13.46,"0,0441514394372698%"
44,104.224.13.107,"0,0441514394372698%"
42,63.35.33.198,"0,0421445558264848%"
42,63.34.100.178,"0,0421445558264848%"
42,188.34.148.254,"0,0421445558264848%"
42,188.34.148.237,"0,0421445558264848%"
42,188.34.148.170,"0,0421445558264848%"
42,188.34.148.164,"0,0421445558264848%"
42,188.34.148.142,"0,0421445558264848%"
42,159.69.173.77,"0,0421445558264848%"
42,159.69.172.163,"0,0421445558264848%"
42,157.90.99.24,"0,0421445558264848%"
42,157.90.99.20,"0,0421445558264848%"
42,109.232.197.198,"0,0421445558264848%"
42,104.224.14.7,"0,0421445558264848%"
42,104.224.14.35,"0,0421445558264848%"
42,104.224.14.21,"0,0421445558264848%"
42,104.224.13.93,"0,0421445558264848%"
42,104.224.13.79,"0,0421445558264848%"
42,104.224.13.77,"0,0421445558264848%"
41,104.224.13.113,"0,0411411140210924%"
40,188.34.148.238,"0,0401376722156998%"
40,188.34.148.140,"0,0401376722156998%"
40,188.34.148.135,"0,0401376722156998%"
40,18.195.155.52,"0,0401376722156998%"
40,168.119.133.78,"0,0401376722156998%"
40,159.69.172.189,"0,0401376722156998%"
40,159.69.172.176,"0,0401376722156998%"
40,104.224.14.8,"0,0401376722156998%"
40,104.224.14.73,"0,0401376722156998%"
40,104.224.14.30,"0,0401376722156998%"
40,104.224.14.26,"0,0401376722156998%"
40,104.224.14.16,"0,0401376722156998%"
40,104.224.14.13,"0,0401376722156998%"
40,104.224.14.12,"0,0401376722156998%"
40,104.224.14.106,"0,0401376722156998%"
40,104.224.14.102,"0,0401376722156998%"
40,104.224.14.101,"0,0401376722156998%"
40,104.224.13.99,"0,0401376722156998%"
40,104.224.13.39,"0,0401376722156998%"
39,104.224.13.81,"0,0391342304103074%"
39,104.224.13.18,"0,0391342304103074%"
38,188.34.148.208,"0,0381307886049149%"
38,188.34.148.167,"0,0381307886049149%"
38,188.34.148.132,"0,0381307886049149%"
38,168.119.133.88,"0,0381307886049149%"
38,168.119.133.85,"0,0381307886049149%"
38,159.69.172.184,"0,0381307886049149%"
38,159.69.172.171,"0,0381307886049149%"
38,109.232.197.200,"0,0381307886049149%"
38,104.224.14.67,"0,0381307886049149%"
38,104.224.14.34,"0,0381307886049149%"
38,104.224.14.33,"0,0381307886049149%"
38,104.224.14.17,"0,0381307886049149%"
38,104.224.14.14,"0,0381307886049149%"
38,104.224.14.117,"0,0381307886049149%"
38,104.224.13.115,"0,0381307886049149%"
38,104.224.13.102,"0,0381307886049149%"
36,188.34.148.235,"0,0361239049941299%"
36,188.34.148.130,"0,0361239049941299%"
36,168.119.133.87,"0,0361239049941299%"
36,168.119.133.74,"0,0361239049941299%"
36,104.224.14.74,"0,0361239049941299%"
36,104.224.14.29,"0,0361239049941299%"
36,104.224.14.19,"0,0361239049941299%"
36,104.224.14.10,"0,0361239049941299%"
36,104.224.13.91,"0,0361239049941299%"
36,104.224.13.78,"0,0361239049941299%"
36,104.224.13.21,"0,0361239049941299%"
36,104.224.13.14,"0,0361239049941299%"
36,104.224.13.109,"0,0361239049941299%"
36,104.224.13.106,"0,0361239049941299%"
35,104.224.14.31,"0,0351204631887374%"
34,188.34.148.249,"0,0341170213833449%"
34,188.34.148.203,"0,0341170213833449%"
34,109.232.197.199,"0,0341170213833449%"
34,104.224.14.99,"0,0341170213833449%"
34,104.224.14.68,"0,0341170213833449%"
34,104.224.14.25,"0,0341170213833449%"
34,104.224.14.122,"0,0341170213833449%"
34,104.224.14.118,"0,0341170213833449%"
34,104.224.13.72,"0,0341170213833449%"
34,104.224.13.57,"0,0341170213833449%"
34,104.224.13.126,"0,0341170213833449%"
34,104.224.13.121,"0,0341170213833449%"
34,104.224.13.101,"0,0341170213833449%"
32,3.121.24.234,"0,0321101377725599%"
32,188.34.148.166,"0,0321101377725599%"
32,188.34.148.123,"0,0321101377725599%"
32,104.224.14.72,"0,0321101377725599%"
32,104.224.14.121,"0,0321101377725599%"
32,104.224.14.114,"0,0321101377725599%"
32,104.224.14.104,"0,0321101377725599%"
32,104.224.14.103,"0,0321101377725599%"
32,104.224.13.74,"0,0321101377725599%"
32,104.224.13.25,"0,0321101377725599%"
32,104.224.13.119,"0,0321101377725599%"
32,104.224.13.11,"0,0321101377725599%"
32,104.224.13.105,"0,0321101377725599%"
30,66.249.83.82,"0,0301032541617749%"
30,18.130.113.168,"0,0301032541617749%"
30,109.232.197.174,"0,0301032541617749%"
30,109.232.197.173,"0,0301032541617749%"
30,104.224.14.20,"0,0301032541617749%"
30,104.224.14.123,"0,0301032541617749%"
30,104.224.13.96,"0,0301032541617749%"
30,104.224.13.89,"0,0301032541617749%"
30,104.224.13.84,"0,0301032541617749%"
30,104.224.13.49,"0,0301032541617749%"
30,104.224.13.26,"0,0301032541617749%"
30,104.224.13.22,"0,0301032541617749%"
30,104.224.13.15,"0,0301032541617749%"
30,104.224.13.117,"0,0301032541617749%"
30,104.224.13.100,"0,0301032541617749%"
30,104.224.13.10,"0,0301032541617749%"
28,159.69.173.71,"0,0280963705509899%"
28,104.224.14.115,"0,0280963705509899%"
28,104.224.14.105,"0,0280963705509899%"
28,104.224.13.52,"0,0280963705509899%"
28,104.224.13.50,"0,0280963705509899%"
28,104.224.13.16,"0,0280963705509899%"
28,104.224.13.124,"0,0280963705509899%"
28,104.224.13.114,"0,0280963705509899%"
27,109.232.194.21,"0,0270929287455974%"
26,104.224.14.116,"0,0260894869402049%"
26,104.224.13.98,"0,0260894869402049%"
26,104.224.13.90,"0,0260894869402049%"
26,104.224.13.86,"0,0260894869402049%"
26,104.224.13.71,"0,0260894869402049%"
26,104.224.13.70,"0,0260894869402049%"
26,104.224.13.63,"0,0260894869402049%"
26,104.224.13.59,"0,0260894869402049%"
26,104.224.13.51,"0,0260894869402049%"
26,104.224.13.45,"0,0260894869402049%"
26,104.224.13.41,"0,0260894869402049%"
26,104.224.13.40,"0,0260894869402049%"
26,104.224.13.20,"0,0260894869402049%"
26,104.224.13.120,"0,0260894869402049%"
26,104.224.13.116,"0,0260894869402049%"
26,104.224.13.111,"0,0260894869402049%"
25,109.232.194.47,"0,0250860451348124%"
25,109.232.194.23,"0,0250860451348124%"
25,104.224.13.95,"0,0250860451348124%"
24,104.224.14.120,"0,0240826033294199%"
24,104.224.13.75,"0,0240826033294199%"
24,104.224.13.66,"0,0240826033294199%"
24,104.224.13.65,"0,0240826033294199%"
24,104.224.13.53,"0,0240826033294199%"
24,104.224.13.19,"0,0240826033294199%"
24,104.224.13.17,"0,0240826033294199%"
24,104.224.13.110,"0,0240826033294199%"
23,3.120.223.25,"0,0230791615240274%"
23,178.197.192.120,"0,0230791615240274%"
22,109.232.194.24,"0,0220757197186349%"
22,109.232.194.22,"0,0220757197186349%"
22,104.224.13.27,"0,0220757197186349%"
22,104.224.13.122,"0,0220757197186349%"
22,104.224.13.118,"0,0220757197186349%"
22,104.224.13.103,"0,0220757197186349%"
20,91.170.122.208,"0,0200688361078499%"
20,194.51.120.235,"0,0200688361078499%"
20,104.224.13.13,"0,0200688361078499%"
20,104.224.13.12,"0,0200688361078499%"
20,104.224.13.112,"0,0200688361078499%"
19,66.249.83.84,"0,0190653943024574%"
18,82.84.57.77,"0,0180619524970649%"
18,54.39.177.233,"0,0180619524970649%"
18,104.224.13.97,"0,0180619524970649%"
18,104.224.13.68,"0,0180619524970649%"
18,104.224.13.43,"0,0180619524970649%"
18,104.224.13.24,"0,0180619524970649%"
18,104.224.13.123,"0,0180619524970649%"
17,109.232.194.46,"0,0170585106916724%"
16,81.146.31.234,"0,0160550688862799%"
16,66.249.66.82,"0,0160550688862799%"
16,35.177.43.250,"0,0160550688862799%"
16,14.201.190.233,"0,0160550688862799%"
16,104.224.13.85,"0,0160550688862799%"
15,66.249.66.84,"0,0150516270808874%"
15,195.154.101.133,"0,0150516270808874%"
15,109.232.194.48,"0,0150516270808874%"
14,90.41.61.114,"0,0140481852754949%"
14,83.114.207.243,"0,0140481852754949%"
14,77.131.3.166,"0,0140481852754949%"
14,104.224.13.73,"0,0140481852754949%"
13,77.204.245.240,"0,0130447434701025%"
13,109.190.253.14,"0,0130447434701025%"
12,78.234.174.200,"0,01204130166471%"
12,18.200.120.237,"0,01204130166471%"
12,178.18.62.254,"0,01204130166471%"
12,104.224.14.119,"0,01204130166471%"
11,92.184.107.208,"0,0110378598593175%"
11,81.53.197.158,"0,0110378598593175%"
11,66.249.66.83,"0,0110378598593175%"
11,45.89.4.48,"0,0110378598593175%"
11,138.255.87.124,"0,0110378598593175%"
10,90.112.32.209,"0,010034418053925%"
10,89.86.86.78,"0,010034418053925%"
10,88.169.101.84,"0,010034418053925%"
10,79.95.86.122,"0,010034418053925%"
10,54.39.187.79,"0,010034418053925%"
10,54.39.184.100,"0,010034418053925%"
10,34.212.32.14,"0,010034418053925%"
10,34.212.174.90,"0,010034418053925%"
10,217.109.123.82,"0,010034418053925%"
10,109.31.74.15,"0,010034418053925%"
10,109.0.228.180,"0,010034418053925%"
9,88.169.255.25,"0,00903097624853247%"
9,82.216.112.193,"0,00903097624853247%"
9,82.124.229.38,"0,00903097624853247%"
9,81.67.53.65,"0,00903097624853247%"
9,66.249.83.83,"0,00903097624853247%"
9,176.158.63.57,"0,00903097624853247%"
9,172.225.158.175,"0,00903097624853247%"
9,109.232.197.142,"0,00903097624853247%"
9,109.223.234.92,"0,00903097624853247%"
8,92.184.100.16,"0,00802753444313997%"
8,90.43.111.170,"0,00802753444313997%"
8,81.185.171.178,"0,00802753444313997%"
8,81.129.255.111,"0,00802753444313997%"
8,54.39.183.124,"0,00802753444313997%"
8,51.159.131.92,"0,00802753444313997%"
8,38.87.12.102,"0,00802753444313997%"
8,37.173.239.105,"0,00802753444313997%"
8,35.224.25.148,"0,00802753444313997%"
8,34.125.230.32,"0,00802753444313997%"
8,176.143.79.95,"0,00802753444313997%"
8,109.253.167.117,"0,00802753444313997%"
8,109.232.197.143,"0,00802753444313997%"
8,109.232.196.11,"0,00802753444313997%"
8,109.232.194.61,"0,00802753444313997%"
7,92.89.53.21,"0,00702409263774747%"
7,92.184.98.7,"0,00702409263774747%"
7,92.184.100.2,"0,00702409263774747%"
7,92.184.100.111,"0,00702409263774747%"
7,92.171.6.142,"0,00702409263774747%"
7,92.136.21.51,"0,00702409263774747%"
7,90.89.244.234,"0,00702409263774747%"
7,88.127.172.193,"0,00702409263774747%"
7,84.18.254.12,"0,00702409263774747%"
7,82.17.147.144,"0,00702409263774747%"
7,82.112.139.229,"0,00702409263774747%"
7,81.247.21.189,"0,00702409263774747%"
7,81.185.171.215,"0,00702409263774747%"
7,80.215.216.15,"0,00702409263774747%"
7,80.215.169.116,"0,00702409263774747%"
7,77.205.46.206,"0,00702409263774747%"
7,66.249.84.197,"0,00702409263774747%"
7,37.171.2.54,"0,00702409263774747%"
7,37.111.222.38,"0,00702409263774747%"
7,35.236.61.6,"0,00702409263774747%"
7,185.188.93.10,"0,00702409263774747%"
7,176.187.231.230,"0,00702409263774747%"
7,114.119.130.13,"0,00702409263774747%"
7,109.10.25.212,"0,00702409263774747%"
6,92.184.102.128,"0,00602065083235498%"
6,92.184.100.32,"0,00602065083235498%"
6,91.172.229.192,"0,00602065083235498%"
6,90.6.213.241,"0,00602065083235498%"
6,90.112.92.242,"0,00602065083235498%"
6,89.89.252.191,"0,00602065083235498%"
6,86.253.219.56,"0,00602065083235498%"
6,82.65.174.67,"0,00602065083235498%"
6,81.220.247.123,"0,00602065083235498%"
6,81.185.174.250,"0,00602065083235498%"
6,80.215.167.253,"0,00602065083235498%"
6,79.84.129.206,"0,00602065083235498%"
6,79.83.33.140,"0,00602065083235498%"
6,77.206.24.123,"0,00602065083235498%"
6,77.205.41.187,"0,00602065083235498%"
6,77.196.238.76,"0,00602065083235498%"
6,54.39.183.45,"0,00602065083235498%"
6,2.9.212.218,"0,00602065083235498%"
6,2.14.171.235,"0,00602065083235498%"
6,176.188.54.32,"0,00602065083235498%"
6,176.146.159.178,"0,00602065083235498%"
6,114.119.134.204,"0,00602065083235498%"
6,114.119.130.61,"0,00602065083235498%"
6,114.119.128.237,"0,00602065083235498%"
6,109.232.197.144,"0,00602065083235498%"
6,109.232.197.141,"0,00602065083235498%"
6,109.232.197.140,"0,00602065083235498%"
6,109.232.196.13,"0,00602065083235498%"
6,109.213.176.100,"0,00602065083235498%"
6,104.28.40.20,"0,00602065083235498%"
5,93.43.163.128,"0,00501720902696248%"
5,92.184.102.73,"0,00501720902696248%"
5,92.157.154.83,"0,00501720902696248%"
5,91.176.5.134,"0,00501720902696248%"
5,91.160.162.43,"0,00501720902696248%"
5,90.91.211.112,"0,00501720902696248%"
5,90.218.101.0,"0,00501720902696248%"
5,90.127.230.168,"0,00501720902696248%"
5,89.226.180.148,"0,00501720902696248%"
5,87.88.186.137,"0,00501720902696248%"
5,86.5.0.239,"0,00501720902696248%"
5,86.215.75.213,"0,00501720902696248%"
5,86.130.85.2,"0,00501720902696248%"
5,85.169.151.41,"0,00501720902696248%"
5,82.127.6.115,"0,00501720902696248%"
5,80.215.3.139,"0,00501720902696248%"
5,77.135.128.3,"0,00501720902696248%"
5,37.169.39.94,"0,00501720902696248%"
5,31.33.181.17,"0,00501720902696248%"
5,185.69.145.201,"0,00501720902696248%"
5,176.145.72.96,"0,00501720902696248%"
5,168.119.68.183,"0,00501720902696248%"
5,168.119.65.48,"0,00501720902696248%"
5,168.119.65.46,"0,00501720902696248%"
5,114.119.167.239,"0,00501720902696248%"
5,114.119.162.62,"0,00501720902696248%"
5,114.119.157.189,"0,00501720902696248%"
5,114.119.152.245,"0,00501720902696248%"
5,114.119.151.233,"0,00501720902696248%"
5,114.119.150.239,"0,00501720902696248%"
5,114.119.149.254,"0,00501720902696248%"
5,114.119.149.203,"0,00501720902696248%"
5,114.119.147.129,"0,00501720902696248%"
5,114.119.145.126,"0,00501720902696248%"
5,114.119.141.186,"0,00501720902696248%"
5,114.119.138.172,"0,00501720902696248%"
5,114.119.137.2,"0,00501720902696248%"
5,114.119.136.68,"0,00501720902696248%"
5,114.119.136.120,"0,00501720902696248%"
5,114.119.136.100,"0,00501720902696248%"
5,109.232.197.139,"0,00501720902696248%"
5,109.232.194.62,"0,00501720902696248%"
5,109.220.217.100,"0,00501720902696248%"
5,105.184.185.80,"0,00501720902696248%"
5,102.65.175.60,"0,00501720902696248%"
4,93.23.106.188,"0,00401376722156999%"
4,93.23.106.18,"0,00401376722156999%"
4,92.184.98.76,"0,00401376722156999%"
4,92.184.107.231,"0,00401376722156999%"
4,92.184.107.111,"0,00401376722156999%"
4,92.184.100.250,"0,00401376722156999%"
4,91.167.221.129,"0,00401376722156999%"
4,91.160.242.4,"0,00401376722156999%"
4,90.46.238.46,"0,00401376722156999%"
4,90.34.173.146,"0,00401376722156999%"
4,90.170.53.45,"0,00401376722156999%"
4,90.11.52.236,"0,00401376722156999%"
4,89.95.238.236,"0,00401376722156999%"
4,89.82.101.33,"0,00401376722156999%"
4,88.170.5.84,"0,00401376722156999%"
4,85.208.98.194,"0,00401376722156999%"
4,84.64.77.186,"0,00401376722156999%"
4,84.203.114.8,"0,00401376722156999%"
4,83.112.185.236,"0,00401376722156999%"
4,81.250.3.3,"0,00401376722156999%"
4,81.185.175.177,"0,00401376722156999%"
4,81.185.172.223,"0,00401376722156999%"
4,78.222.112.124,"0,00401376722156999%"
4,78.213.223.51,"0,00401376722156999%"
4,77.132.74.119,"0,00401376722156999%"
4,70.82.166.63,"0,00401376722156999%"
4,65.154.226.171,"0,00401376722156999%"
4,65.154.226.167,"0,00401376722156999%"
4,64.233.172.244,"0,00401376722156999%"
4,54.39.184.197,"0,00401376722156999%"
4,54.39.182.135,"0,00401376722156999%"
4,54.39.181.141,"0,00401376722156999%"
4,37.168.227.99,"0,00401376722156999%"
4,37.166.91.55,"0,00401376722156999%"
4,34.94.136.184,"0,00401376722156999%"
4,34.78.79.27,"0,00401376722156999%"
4,34.73.218.217,"0,00401376722156999%"
4,34.106.137.144,"0,00401376722156999%"
4,213.205.194.81,"0,00401376722156999%"
4,180.191.117.226,"0,00401376722156999%"
4,178.194.123.210,"0,00401376722156999%"
4,176.172.50.188,"0,00401376722156999%"
4,176.150.21.113,"0,00401376722156999%"
4,176.149.88.212,"0,00401376722156999%"
4,176.146.197.140,"0,00401376722156999%"
4,168.119.68.117,"0,00401376722156999%"
4,168.119.65.58,"0,00401376722156999%"
4,168.119.65.45,"0,00401376722156999%"
4,168.119.65.115,"0,00401376722156999%"
4,168.119.65.110,"0,00401376722156999%"
4,156.18.67.110,"0,00401376722156999%"
4,147.148.26.20,"0,00401376722156999%"
4,144.217.247.62,"0,00401376722156999%"
4,140.106.1.53,"0,00401376722156999%"
4,114.119.166.95,"0,00401376722156999%"
4,114.119.166.88,"0,00401376722156999%"
4,114.119.166.166,"0,00401376722156999%"
4,114.119.160.84,"0,00401376722156999%"
4,114.119.160.248,"0,00401376722156999%"
4,114.119.159.37,"0,00401376722156999%"
4,114.119.159.152,"0,00401376722156999%"
4,114.119.158.50,"0,00401376722156999%"
4,114.119.158.204,"0,00401376722156999%"
4,114.119.158.138,"0,00401376722156999%"
4,114.119.157.50,"0,00401376722156999%"
4,114.119.154.81,"0,00401376722156999%"
4,114.119.153.38,"0,00401376722156999%"
4,114.119.153.11,"0,00401376722156999%"
4,114.119.152.114,"0,00401376722156999%"
4,114.119.151.74,"0,00401376722156999%"
4,114.119.151.175,"0,00401376722156999%"
4,114.119.150.226,"0,00401376722156999%"
4,114.119.144.62,"0,00401376722156999%"
4,114.119.143.215,"0,00401376722156999%"
4,114.119.143.133,"0,00401376722156999%"
4,114.119.142.140,"0,00401376722156999%"
4,114.119.142.131,"0,00401376722156999%"
4,114.119.140.47,"0,00401376722156999%"
4,114.119.140.115,"0,00401376722156999%"
4,114.119.137.68,"0,00401376722156999%"
4,114.119.136.12,"0,00401376722156999%"
4,114.119.135.37,"0,00401376722156999%"
4,114.119.135.107,"0,00401376722156999%"
4,114.119.134.146,"0,00401376722156999%"
4,114.119.131.2,"0,00401376722156999%"
4,114.119.131.123,"0,00401376722156999%"
4,109.88.226.63,"0,00401376722156999%"
4,109.232.196.12,"0,00401376722156999%"
4,109.134.155.19,"0,00401376722156999%"
4,102.35.53.6,"0,00401376722156999%"
3,94.238.136.105,"0,00301032541617749%"
3,93.3.42.42,"0,00301032541617749%"
3,93.23.92.243,"0,00301032541617749%"
3,93.23.16.107,"0,00301032541617749%"
3,93.23.12.239,"0,00301032541617749%"
3,93.23.104.149,"0,00301032541617749%"
3,93.22.36.179,"0,00301032541617749%"
3,93.22.149.161,"0,00301032541617749%"
3,93.22.133.228,"0,00301032541617749%"
3,93.176.139.78,"0,00301032541617749%"
3,92.184.98.185,"0,00301032541617749%"
3,92.184.98.155,"0,00301032541617749%"
3,92.184.97.147,"0,00301032541617749%"
3,92.184.124.252,"0,00301032541617749%"
3,92.184.124.175,"0,00301032541617749%"
3,92.184.123.149,"0,00301032541617749%"
3,92.184.121.13,"0,00301032541617749%"
3,92.184.117.43,"0,00301032541617749%"
3,92.184.117.255,"0,00301032541617749%"
3,92.184.112.83,"0,00301032541617749%"
3,92.184.112.79,"0,00301032541617749%"
3,92.184.112.53,"0,00301032541617749%"
3,92.184.112.189,"0,00301032541617749%"
3,92.184.110.236,"0,00301032541617749%"
3,92.184.106.88,"0,00301032541617749%"
3,92.184.106.248,"0,00301032541617749%"
3,92.184.106.247,"0,00301032541617749%"
3,92.184.106.170,"0,00301032541617749%"
3,92.184.105.97,"0,00301032541617749%"
3,92.184.105.40,"0,00301032541617749%"
3,92.184.104.214,"0,00301032541617749%"
3,92.184.102.157,"0,00301032541617749%"
3,92.184.100.164,"0,00301032541617749%"
3,92.137.149.124,"0,00301032541617749%"
3,92.132.232.236,"0,00301032541617749%"
3,92.132.172.107,"0,00301032541617749%"
3,91.182.46.58,"0,00301032541617749%"
3,91.173.254.239,"0,00301032541617749%"
3,91.173.152.4,"0,00301032541617749%"
3,91.169.223.107,"0,00301032541617749%"
3,91.169.167.18,"0,00301032541617749%"
3,91.169.141.208,"0,00301032541617749%"
3,91.167.211.23,"0,00301032541617749%"
3,91.165.194.94,"0,00301032541617749%"
3,91.164.208.111,"0,00301032541617749%"
3,91.160.50.247,"0,00301032541617749%"
3,90.93.124.60,"0,00301032541617749%"
3,90.8.108.181,"0,00301032541617749%"
3,90.63.152.122,"0,00301032541617749%"
3,90.56.96.216,"0,00301032541617749%"
3,90.52.110.3,"0,00301032541617749%"
3,90.39.254.245,"0,00301032541617749%"
3,90.32.53.254,"0,00301032541617749%"
3,90.3.126.91,"0,00301032541617749%"
3,90.27.109.222,"0,00301032541617749%"
3,90.226.186.104,"0,00301032541617749%"
3,90.217.189.133,"0,00301032541617749%"
3,90.196.224.185,"0,00301032541617749%"
3,90.116.208.99,"0,00301032541617749%"
3,90.114.62.29,"0,00301032541617749%"
3,90.112.42.18,"0,00301032541617749%"
3,90.112.173.91,"0,00301032541617749%"
3,90.108.72.64,"0,00301032541617749%"
3,89.80.117.246,"0,00301032541617749%"
3,89.2.13.154,"0,00301032541617749%"
3,89.157.209.45,"0,00301032541617749%"
3,88.29.106.111,"0,00301032541617749%"
3,88.172.78.219,"0,00301032541617749%"
3,88.172.137.197,"0,00301032541617749%"
3,88.171.77.93,"0,00301032541617749%"
3,88.170.184.227,"0,00301032541617749%"
3,88.138.244.200,"0,00301032541617749%"
3,88.127.246.99,"0,00301032541617749%"
3,88.127.232.243,"0,00301032541617749%"
3,88.126.63.238,"0,00301032541617749%"
3,88.125.111.120,"0,00301032541617749%"
3,87.88.163.222,"0,00301032541617749%"
3,86.75.155.202,"0,00301032541617749%"
3,86.252.69.155,"0,00301032541617749%"
3,86.247.36.214,"0,00301032541617749%"
3,86.246.119.151,"0,00301032541617749%"
3,86.229.91.253,"0,00301032541617749%"
3,86.218.23.83,"0,00301032541617749%"
3,86.200.155.33,"0,00301032541617749%"
3,86.194.218.49,"0,00301032541617749%"
3,86.193.76.20,"0,00301032541617749%"
3,86.141.197.160,"0,00301032541617749%"
3,82.33.166.24,"0,00301032541617749%"
3,82.180.150.47,"0,00301032541617749%"
3,82.142.8.201,"0,00301032541617749%"
3,82.142.21.112,"0,00301032541617749%"
3,81.65.132.253,"0,00301032541617749%"
3,81.65.123.35,"0,00301032541617749%"
3,81.249.139.109,"0,00301032541617749%"
3,81.241.103.45,"0,00301032541617749%"
3,81.220.210.107,"0,00301032541617749%"
3,81.220.136.217,"0,00301032541617749%"
3,81.185.175.208,"0,00301032541617749%"
3,81.14.67.143,"0,00301032541617749%"
3,81.14.16.70,"0,00301032541617749%"
3,80.215.68.44,"0,00301032541617749%"
3,80.215.203.133,"0,00301032541617749%"
3,80.214.150.125,"0,00301032541617749%"
3,80.214.146.29,"0,00301032541617749%"
3,79.95.127.122,"0,00301032541617749%"
3,79.84.51.11,"0,00301032541617749%"
3,79.140.120.125,"0,00301032541617749%"
3,78.232.108.194,"0,00301032541617749%"
3,78.226.83.58,"0,00301032541617749%"
3,78.222.76.45,"0,00301032541617749%"
3,78.218.69.155,"0,00301032541617749%"
3,78.206.80.138,"0,00301032541617749%"
3,78.202.147.69,"0,00301032541617749%"
3,78.116.222.174,"0,00301032541617749%"
3,78.114.39.224,"0,00301032541617749%"
3,78.105.186.56,"0,00301032541617749%"
3,77.98.65.51,"0,00301032541617749%"
3,77.205.53.48,"0,00301032541617749%"
3,77.204.196.68,"0,00301032541617749%"
3,77.204.107.212,"0,00301032541617749%"
3,77.197.162.183,"0,00301032541617749%"
3,77.158.196.84,"0,00301032541617749%"
3,77.134.119.4,"0,00301032541617749%"
3,77.130.108.41,"0,00301032541617749%"
3,64.233.172.246,"0,00301032541617749%"
3,64.233.172.242,"0,00301032541617749%"
3,62.235.68.37,"0,00301032541617749%"
3,62.195.109.2,"0,00301032541617749%"
3,5.65.183.192,"0,00301032541617749%"
3,5.51.22.244,"0,00301032541617749%"
3,51.187.254.122,"0,00301032541617749%"
3,41.221.181.106,"0,00301032541617749%"
3,40.94.95.85,"0,00301032541617749%"
3,37.175.135.100,"0,00301032541617749%"
3,37.172.59.233,"0,00301032541617749%"
3,37.171.158.217,"0,00301032541617749%"
3,37.171.144.69,"0,00301032541617749%"
3,37.166.237.196,"0,00301032541617749%"
3,37.164.93.104,"0,00301032541617749%"
3,37.164.35.58,"0,00301032541617749%"
3,35.181.64.163,"0,00301032541617749%"
3,34.94.244.61,"0,00301032541617749%"
3,219.109.61.100,"0,00301032541617749%"
3,213.55.220.247,"0,00301032541617749%"
3,213.211.175.132,"0,00301032541617749%"
3,213.127.68.116,"0,00301032541617749%"
3,195.25.232.195,"0,00301032541617749%"
3,194.230.158.198,"0,00301032541617749%"
3,193.57.124.19,"0,00301032541617749%"
3,193.56.242.27,"0,00301032541617749%"
3,193.251.49.138,"0,00301032541617749%"
3,193.207.201.141,"0,00301032541617749%"
3,178.197.233.201,"0,00301032541617749%"
3,176.83.124.93,"0,00301032541617749%"
3,176.190.31.99,"0,00301032541617749%"
3,176.185.244.224,"0,00301032541617749%"
3,176.174.162.22,"0,00301032541617749%"
3,176.169.116.202,"0,00301032541617749%"
3,176.159.214.108,"0,00301032541617749%"
3,176.153.30.59,"0,00301032541617749%"
3,176.139.241.178,"0,00301032541617749%"
3,176.132.214.74,"0,00301032541617749%"
3,172.225.116.187,"0,00301032541617749%"
3,168.119.68.250,"0,00301032541617749%"
3,168.119.68.247,"0,00301032541617749%"
3,168.119.68.243,"0,00301032541617749%"
3,168.119.68.242,"0,00301032541617749%"
3,168.119.68.235,"0,00301032541617749%"
3,168.119.68.187,"0,00301032541617749%"
3,168.119.68.181,"0,00301032541617749%"
3,168.119.68.177,"0,00301032541617749%"
3,168.119.68.174,"0,00301032541617749%"
3,168.119.68.126,"0,00301032541617749%"
3,168.119.68.125,"0,00301032541617749%"
3,168.119.68.124,"0,00301032541617749%"
3,168.119.65.62,"0,00301032541617749%"
3,168.119.65.61,"0,00301032541617749%"
3,168.119.65.59,"0,00301032541617749%"
3,168.119.65.54,"0,00301032541617749%"
3,168.119.65.122,"0,00301032541617749%"
3,168.119.65.117,"0,00301032541617749%"
3,168.119.65.116,"0,00301032541617749%"
3,168.119.65.114,"0,00301032541617749%"
3,168.119.65.108,"0,00301032541617749%"
3,168.119.65.107,"0,00301032541617749%"
3,168.119.64.254,"0,00301032541617749%"
3,168.119.64.250,"0,00301032541617749%"
3,168.119.64.248,"0,00301032541617749%"
3,168.119.64.246,"0,00301032541617749%"
3,168.119.212.143,"0,00301032541617749%"
3,168.119.143.102,"0,00301032541617749%"
3,147.230.230.89,"0,00301032541617749%"
3,145.224.68.140,"0,00301032541617749%"
3,13.40.173.34,"0,00301032541617749%"
3,13.37.241.88,"0,00301032541617749%"
3,123.50.79.109,"0,00301032541617749%"
3,114.119.167.51,"0,00301032541617749%"
3,114.119.166.63,"0,00301032541617749%"
3,114.119.166.212,"0,00301032541617749%"
3,114.119.165.136,"0,00301032541617749%"
3,114.119.162.58,"0,00301032541617749%"
3,114.119.162.170,"0,00301032541617749%"
3,114.119.160.195,"0,00301032541617749%"
3,114.119.160.138,"0,00301032541617749%"
3,114.119.158.118,"0,00301032541617749%"
3,114.119.157.128,"0,00301032541617749%"
3,114.119.156.206,"0,00301032541617749%"
3,114.119.153.246,"0,00301032541617749%"
3,114.119.153.122,"0,00301032541617749%"
3,114.119.152.246,"0,00301032541617749%"
3,114.119.151.165,"0,00301032541617749%"
3,114.119.151.151,"0,00301032541617749%"
3,114.119.150.127,"0,00301032541617749%"
3,114.119.148.0,"0,00301032541617749%"
3,114.119.146.226,"0,00301032541617749%"
3,114.119.146.145,"0,00301032541617749%"
3,114.119.142.135,"0,00301032541617749%"
3,114.119.140.186,"0,00301032541617749%"
3,114.119.139.66,"0,00301032541617749%"
3,114.119.139.102,"0,00301032541617749%"
3,114.119.136.30,"0,00301032541617749%"
3,114.119.136.199,"0,00301032541617749%"
3,114.119.136.155,"0,00301032541617749%"
3,114.119.135.30,"0,00301032541617749%"
3,114.119.135.251,"0,00301032541617749%"
3,114.119.135.186,"0,00301032541617749%"
3,114.119.135.181,"0,00301032541617749%"
3,114.119.135.159,"0,00301032541617749%"
3,114.119.134.212,"0,00301032541617749%"
3,114.119.133.232,"0,00301032541617749%"
3,114.119.133.158,"0,00301032541617749%"
3,114.119.132.38,"0,00301032541617749%"
3,114.119.130.91,"0,00301032541617749%"
3,114.119.128.56,"0,00301032541617749%"
3,114.119.128.162,"0,00301032541617749%"
3,114.119.128.108,"0,00301032541617749%"
3,113.21.112.174,"0,00301032541617749%"
3,109.26.58.200,"0,00301032541617749%"
3,109.149.8.214,"0,00301032541617749%"
3,109.147.162.0,"0,00301032541617749%"
3,109.134.175.76,"0,00301032541617749%"
3,109.133.151.18,"0,00301032541617749%"
3,109.11.126.42,"0,00301032541617749%"
3,104.28.40.17,"0,00301032541617749%"
2,95.74.42.44,"0,00200688361078499%"
2,94.252.122.52,"0,00200688361078499%"
2,94.129.129.70,"0,00200688361078499%"
2,94.108.9.48,"0,00200688361078499%"
2,94.102.56.9,"0,00200688361078499%"
2,93.41.121.52,"0,00200688361078499%"
2,93.37.213.15,"0,00200688361078499%"
2,93.23.196.10,"0,00200688361078499%"
2,93.23.12.254,"0,00200688361078499%"
2,93.23.107.201,"0,00200688361078499%"
2,93.22.36.3,"0,00200688361078499%"
2,92.92.196.21,"0,00200688361078499%"
2,92.232.119.16,"0,00200688361078499%"
2,92.184.98.192,"0,00200688361078499%"
2,92.184.124.163,"0,00200688361078499%"
2,92.184.123.180,"0,00200688361078499%"
2,92.184.123.173,"0,00200688361078499%"
2,92.184.118.168,"0,00200688361078499%"
2,92.184.118.158,"0,00200688361078499%"
2,92.184.112.173,"0,00200688361078499%"
2,92.184.112.118,"0,00200688361078499%"
2,92.184.107.48,"0,00200688361078499%"
2,92.184.107.215,"0,00200688361078499%"
2,92.184.106.195,"0,00200688361078499%"
2,92.152.245.247,"0,00200688361078499%"
2,92.152.155.4,"0,00200688361078499%"
2,92.150.66.82,"0,00200688361078499%"
2,92.148.216.163,"0,00200688361078499%"
2,92.141.56.77,"0,00200688361078499%"
2,91.88.134.143,"0,00200688361078499%"
2,91.69.114.50,"0,00200688361078499%"
2,91.174.107.96,"0,00200688361078499%"
2,91.171.13.38,"0,00200688361078499%"
2,91.171.13.223,"0,00200688361078499%"
2,91.169.212.120,"0,00200688361078499%"
2,91.168.79.222,"0,00200688361078499%"
2,91.168.44.17,"0,00200688361078499%"
2,91.167.18.74,"0,00200688361078499%"
2,91.164.145.68,"0,00200688361078499%"
2,91.163.19.244,"0,00200688361078499%"
2,91.163.147.67,"0,00200688361078499%"
2,91.162.104.2,"0,00200688361078499%"
2,91.159.124.23,"0,00200688361078499%"
2,90.92.61.19,"0,00200688361078499%"
2,90.92.197.82,"0,00200688361078499%"
2,90.92.167.71,"0,00200688361078499%"
2,90.6.93.73,"0,00200688361078499%"
2,90.62.6.179,"0,00200688361078499%"
2,90.57.33.194,"0,00200688361078499%"
2,90.45.236.229,"0,00200688361078499%"
2,90.41.175.106,"0,00200688361078499%"
2,90.41.107.54,"0,00200688361078499%"
2,90.35.134.49,"0,00200688361078499%"
2,90.17.125.126,"0,00200688361078499%"
2,90.125.33.141,"0,00200688361078499%"
2,90.118.133.66,"0,00200688361078499%"
2,90.1.15.150,"0,00200688361078499%"
2,90.114.91.178,"0,00200688361078499%"
2,90.114.10.41,"0,00200688361078499%"
2,90.112.70.156,"0,00200688361078499%"
2,90.109.20.181,"0,00200688361078499%"
2,90.103.211.186,"0,00200688361078499%"
2,90.103.156.43,"0,00200688361078499%"
2,90.100.168.121,"0,00200688361078499%"
2,89.87.225.216,"0,00200688361078499%"
2,89.85.182.39,"0,00200688361078499%"
2,88.20.137.139,"0,00200688361078499%"
2,88.172.82.115,"0,00200688361078499%"
2,88.172.118.91,"0,00200688361078499%"
2,88.165.113.165,"0,00200688361078499%"
2,88.163.90.30,"0,00200688361078499%"
2,88.161.169.134,"0,00200688361078499%"
2,88.127.32.235,"0,00200688361078499%"
2,88.126.101.131,"0,00200688361078499%"
2,88.124.144.161,"0,00200688361078499%"
2,88.124.139.192,"0,00200688361078499%"
2,88.123.21.11,"0,00200688361078499%"
2,88.122.138.41,"0,00200688361078499%"
2,87.118.116.103,"0,00200688361078499%"
2,86.75.203.64,"0,00200688361078499%"
2,86.253.25.4,"0,00200688361078499%"
2,86.247.96.141,"0,00200688361078499%"
2,86.245.28.98,"0,00200688361078499%"
2,86.234.87.25,"0,00200688361078499%"
2,86.218.80.236,"0,00200688361078499%"
2,86.211.237.181,"0,00200688361078499%"
2,86.194.109.46,"0,00200688361078499%"
2,86.171.62.108,"0,00200688361078499%"
2,85.93.218.204,"0,00200688361078499%"
2,85.237.234.43,"0,00200688361078499%"
2,85.208.98.198,"0,00200688361078499%"
2,85.208.98.196,"0,00200688361078499%"
2,85.171.128.215,"0,00200688361078499%"
2,84.78.25.90,"0,00200688361078499%"
2,84.194.219.232,"0,00200688361078499%"
2,83.59.213.211,"0,00200688361078499%"
2,83.49.74.35,"0,00200688361078499%"
2,83.159.160.47,"0,00200688361078499%"
2,83.114.206.15,"0,00200688361078499%"
2,82.9.70.56,"0,00200688361078499%"
2,82.64.254.100,"0,00200688361078499%"
2,82.4.196.106,"0,00200688361078499%"
2,82.23.19.198,"0,00200688361078499%"
2,82.216.223.140,"0,00200688361078499%"
2,82.180.146.110,"0,00200688361078499%"
2,82.180.146.109,"0,00200688361078499%"
2,82.15.95.133,"0,00200688361078499%"
2,82.142.6.41,"0,00200688361078499%"
2,81.65.133.236,"0,00200688361078499%"
2,81.53.231.133,"0,00200688361078499%"
2,81.51.190.205,"0,00200688361078499%"
2,81.240.20.28,"0,00200688361078499%"
2,81.220.33.167,"0,00200688361078499%"
2,81.220.249.230,"0,00200688361078499%"
2,81.185.173.147,"0,00200688361078499%"
2,81.185.172.248,"0,00200688361078499%"
2,81.185.172.233,"0,00200688361078499%"
2,80.215.109.59,"0,00200688361078499%"
2,80.214.210.175,"0,00200688361078499%"
2,79.95.127.203,"0,00200688361078499%"
2,79.81.33.44,"0,00200688361078499%"
2,79.179.25.169,"0,00200688361078499%"
2,79.119.103.147,"0,00200688361078499%"
2,78.205.206.103,"0,00200688361078499%"
2,78.204.206.156,"0,00200688361078499%"
2,78.192.82.160,"0,00200688361078499%"
2,78.125.254.91,"0,00200688361078499%"
2,78.121.98.197,"0,00200688361078499%"
2,77.95.65.70,"0,00200688361078499%"
2,77.206.90.6,"0,00200688361078499%"
2,77.205.52.158,"0,00200688361078499%"
2,77.205.18.186,"0,00200688361078499%"
2,77.203.226.164,"0,00200688361078499%"
2,77.199.242.126,"0,00200688361078499%"
2,77.140.22.17,"0,00200688361078499%"
2,77.131.11.82,"0,00200688361078499%"
2,77.130.153.43,"0,00200688361078499%"
2,77.129.96.129,"0,00200688361078499%"
2,66.249.84.201,"0,00200688361078499%"
2,66.130.90.11,"0,00200688361078499%"
2,65.154.226.170,"0,00200688361078499%"
2,65.154.226.169,"0,00200688361078499%"
2,65.154.226.168,"0,00200688361078499%"
2,62.35.58.201,"0,00200688361078499%"
2,5.90.202.46,"0,00200688361078499%"
2,5.50.196.164,"0,00200688361078499%"
2,54.39.183.18,"0,00200688361078499%"
2,54.39.181.115,"0,00200688361078499%"
2,54.39.180.73,"0,00200688361078499%"
2,54.39.178.195,"0,00200688361078499%"
2,54.39.178.167,"0,00200688361078499%"
2,54.153.4.154,"0,00200688361078499%"
2,5.20.68.124,"0,00200688361078499%"
2,46.242.10.239,"0,00200688361078499%"
2,40.94.101.25,"0,00200688361078499%"
2,37.19.217.213,"0,00200688361078499%"
2,37.173.9.201,"0,00200688361078499%"
2,37.173.19.188,"0,00200688361078499%"
2,37.173.109.100,"0,00200688361078499%"
2,37.171.49.214,"0,00200688361078499%"
2,37.171.137.4,"0,00200688361078499%"
2,37.167.40.116,"0,00200688361078499%"
2,37.166.21.24,"0,00200688361078499%"
2,37.166.124.88,"0,00200688361078499%"
2,37.123.163.58,"0,00200688361078499%"
2,35.233.233.159,"0,00200688361078499%"
2,35.231.255.193,"0,00200688361078499%"
2,35.187.132.85,"0,00200688361078499%"
2,34.148.164.229,"0,00200688361078499%"
2,31.186.114.239,"0,00200688361078499%"
2,27.3.88.207,"0,00200688361078499%"
2,2.7.103.151,"0,00200688361078499%"
2,24.76.254.18,"0,00200688361078499%"
2,23.154.177.11,"0,00200688361078499%"
2,23.128.248.55,"0,00200688361078499%"
2,23.128.248.20,"0,00200688361078499%"
2,217.119.184.205,"0,00200688361078499%"
2,2.15.223.187,"0,00200688361078499%"
2,213.44.251.108,"0,00200688361078499%"
2,213.205.240.64,"0,00200688361078499%"
2,213.189.65.6,"0,00200688361078499%"
2,213.11.28.250,"0,00200688361078499%"
2,212.194.155.197,"0,00200688361078499%"
2,212.194.109.18,"0,00200688361078499%"
2,210.10.4.101,"0,00200688361078499%"
2,205.169.39.21,"0,00200688361078499%"
2,199.249.230.179,"0,00200688361078499%"
2,198.244.238.188,"0,00200688361078499%"
2,196.1.195.5,"0,00200688361078499%"
2,195.200.221.132,"0,00200688361078499%"
2,195.154.123.141,"0,00200688361078499%"
2,195.154.123.140,"0,00200688361078499%"
2,195.154.122.36,"0,00200688361078499%"
2,195.154.122.27,"0,00200688361078499%"
2,195.154.122.150,"0,00200688361078499%"
2,195.154.122.143,"0,00200688361078499%"
2,195.154.122.137,"0,00200688361078499%"
2,195.154.122.125,"0,00200688361078499%"
2,195.154.122.115,"0,00200688361078499%"
2,194.250.122.161,"0,00200688361078499%"
2,193.57.121.234,"0,00200688361078499%"
2,193.56.243.71,"0,00200688361078499%"
2,193.110.95.34,"0,00200688361078499%"
2,188.105.208.59,"0,00200688361078499%"
2,186.42.100.134,"0,00200688361078499%"
2,186.223.174.164,"0,00200688361078499%"
2,185.220.101.70,"0,00200688361078499%"
2,185.220.101.46,"0,00200688361078499%"
2,185.220.101.42,"0,00200688361078499%"
2,185.220.101.34,"0,00200688361078499%"
2,185.220.101.33,"0,00200688361078499%"
2,185.220.101.16,"0,00200688361078499%"
2,185.220.100.250,"0,00200688361078499%"
2,185.150.37.124,"0,00200688361078499%"
2,185.14.97.176,"0,00200688361078499%"
2,185.130.47.58,"0,00200688361078499%"
2,185.107.70.56,"0,00200688361078499%"
2,185.107.47.171,"0,00200688361078499%"
2,178.82.208.124,"0,00200688361078499%"
2,178.237.216.140,"0,00200688361078499%"
2,178.116.50.169,"0,00200688361078499%"
2,176.46.31.68,"0,00200688361078499%"
2,176.190.145.206,"0,00200688361078499%"
2,176.187.61.93,"0,00200688361078499%"
2,176.187.12.39,"0,00200688361078499%"
2,176.183.174.30,"0,00200688361078499%"
2,176.152.6.206,"0,00200688361078499%"
2,173.252.87.3,"0,00200688361078499%"
2,172.245.174.175,"0,00200688361078499%"
2,172.226.28.49,"0,00200688361078499%"
2,17.121.113.88,"0,00200688361078499%"
2,17.121.113.20,"0,00200688361078499%"
2,168.119.68.251,"0,00200688361078499%"
2,168.119.68.241,"0,00200688361078499%"
2,168.119.68.236,"0,00200688361078499%"
2,168.119.68.190,"0,00200688361078499%"
2,168.119.68.188,"0,00200688361078499%"
2,168.119.68.186,"0,00200688361078499%"
2,168.119.68.171,"0,00200688361078499%"
2,168.119.68.119,"0,00200688361078499%"
2,168.119.68.118,"0,00200688361078499%"
2,168.119.65.53,"0,00200688361078499%"
2,168.119.65.44,"0,00200688361078499%"
2,168.119.65.126,"0,00200688361078499%"
2,168.119.65.125,"0,00200688361078499%"
2,168.119.65.124,"0,00200688361078499%"
2,168.119.65.121,"0,00200688361078499%"
2,168.119.64.253,"0,00200688361078499%"
2,168.119.64.249,"0,00200688361078499%"
2,167.86.70.160,"0,00200688361078499%"
2,162.212.12.132,"0,00200688361078499%"
2,151.3.53.147,"0,00200688361078499%"
2,151.226.205.4,"0,00200688361078499%"
2,147.161.185.0,"0,00200688361078499%"
2,146.148.97.128,"0,00200688361078499%"
2,139.47.81.98,"0,00200688361078499%"
2,138.229.107.241,"0,00200688361078499%"
2,138.128.5.47,"0,00200688361078499%"
2,134.96.225.55,"0,00200688361078499%"
2,134.96.225.145,"0,00200688361078499%"
2,131.196.1.77,"0,00200688361078499%"
2,114.119.167.129,"0,00200688361078499%"
2,114.119.165.226,"0,00200688361078499%"
2,114.119.165.200,"0,00200688361078499%"
2,114.119.162.80,"0,00200688361078499%"
2,114.119.162.33,"0,00200688361078499%"
2,114.119.162.251,"0,00200688361078499%"
2,114.119.161.177,"0,00200688361078499%"
2,114.119.158.253,"0,00200688361078499%"
2,114.119.158.133,"0,00200688361078499%"
2,114.119.157.193,"0,00200688361078499%"
2,114.119.157.185,"0,00200688361078499%"
2,114.119.156.55,"0,00200688361078499%"
2,114.119.156.122,"0,00200688361078499%"
2,114.119.155.225,"0,00200688361078499%"
2,114.119.153.237,"0,00200688361078499%"
2,114.119.153.15,"0,00200688361078499%"
2,114.119.152.33,"0,00200688361078499%"
2,114.119.152.143,"0,00200688361078499%"
2,114.119.151.93,"0,00200688361078499%"
2,114.119.151.9,"0,00200688361078499%"
2,114.119.151.63,"0,00200688361078499%"
2,114.119.151.174,"0,00200688361078499%"
2,114.119.151.146,"0,00200688361078499%"
2,114.119.150.49,"0,00200688361078499%"
2,114.119.150.249,"0,00200688361078499%"
2,114.119.148.88,"0,00200688361078499%"
2,114.119.148.37,"0,00200688361078499%"
2,114.119.148.34,"0,00200688361078499%"
2,114.119.148.175,"0,00200688361078499%"
2,114.119.148.165,"0,00200688361078499%"
2,114.119.147.211,"0,00200688361078499%"
2,114.119.147.184,"0,00200688361078499%"
2,114.119.146.94,"0,00200688361078499%"
2,114.119.145.169,"0,00200688361078499%"
2,114.119.144.41,"0,00200688361078499%"
2,114.119.144.200,"0,00200688361078499%"
2,114.119.143.59,"0,00200688361078499%"
2,114.119.143.25,"0,00200688361078499%"
2,114.119.142.69,"0,00200688361078499%"
2,114.119.142.124,"0,00200688361078499%"
2,114.119.141.34,"0,00200688361078499%"
2,114.119.141.152,"0,00200688361078499%"
2,114.119.140.170,"0,00200688361078499%"
2,114.119.138.82,"0,00200688361078499%"
2,114.119.138.78,"0,00200688361078499%"
2,114.119.137.43,"0,00200688361078499%"
2,114.119.137.252,"0,00200688361078499%"
2,114.119.137.220,"0,00200688361078499%"
2,114.119.137.190,"0,00200688361078499%"
2,114.119.136.5,"0,00200688361078499%"
2,114.119.136.254,"0,00200688361078499%"
2,114.119.136.164,"0,00200688361078499%"
2,114.119.136.146,"0,00200688361078499%"
2,114.119.135.66,"0,00200688361078499%"
2,114.119.135.42,"0,00200688361078499%"
2,114.119.135.199,"0,00200688361078499%"
2,114.119.135.136,"0,00200688361078499%"
2,114.119.134.67,"0,00200688361078499%"
2,114.119.134.182,"0,00200688361078499%"
2,114.119.133.253,"0,00200688361078499%"
2,114.119.132.74,"0,00200688361078499%"
2,114.119.132.218,"0,00200688361078499%"
2,114.119.132.116,"0,00200688361078499%"
2,114.119.131.206,"0,00200688361078499%"
2,114.119.130.40,"0,00200688361078499%"
2,114.119.130.33,"0,00200688361078499%"
2,114.119.130.231,"0,00200688361078499%"
2,114.119.130.177,"0,00200688361078499%"
2,114.119.129.171,"0,00200688361078499%"
2,114.119.128.39,"0,00200688361078499%"
2,114.119.128.14,"0,00200688361078499%"
2,109.90.57.225,"0,00200688361078499%"
2,109.31.164.76,"0,00200688361078499%"
2,109.29.254.4,"0,00200688361078499%"
2,109.29.132.91,"0,00200688361078499%"
2,109.249.187.110,"0,00200688361078499%"
2,109.232.195.14,"0,00200688361078499%"
2,109.232.194.64,"0,00200688361078499%"
2,109.232.194.63,"0,00200688361078499%"
2,109.232.193.187,"0,00200688361078499%"
2,109.232.193.185,"0,00200688361078499%"
2,109.219.22.176,"0,00200688361078499%"
2,109.190.253.15,"0,00200688361078499%"
2,109.190.253.13,"0,00200688361078499%"
2,109.13.122.247,"0,00200688361078499%"
2,107.178.231.250,"0,00200688361078499%"
2,107.178.231.245,"0,00200688361078499%"
2,107.178.200.234,"0,00200688361078499%"
2,107.178.200.230,"0,00200688361078499%"
2,104.28.42.14,"0,00200688361078499%"
2,104.244.73.193,"0,00200688361078499%"
2,104.244.72.65,"0,00200688361078499%"
2,103.251.167.20,"0,00200688361078499%"
2,103.251.167.10,"0,00200688361078499%"
2,102.65.16.22,"0,00200688361078499%"
2,102.29.159.191,"0,00200688361078499%"
2,102.22.196.156,"0,00200688361078499%"
2,102.157.230.31,"0,00200688361078499%"
1,92.184.123.77,"0,0010034418053925%"
1,91.169.149.69,"0,0010034418053925%"
1,88.123.93.125,"0,0010034418053925%"
1,85.68.207.158,"0,0010034418053925%"
1,84.97.35.168,"0,0010034418053925%"
1,81.185.161.175,"0,0010034418053925%"
1,77.204.104.86,"0,0010034418053925%"
1,66.249.93.183,"0,0010034418053925%"
1,66.249.93.181,"0,0010034418053925%"
1,66.249.92.23,"0,0010034418053925%"
1,66.249.92.223,"0,0010034418053925%"
1,66.249.84.199,"0,0010034418053925%"
1,66.249.66.23,"0,0010034418053925%"
1,66.102.9.98,"0,0010034418053925%"
1,66.102.9.104,"0,0010034418053925%"
1,40.77.190.43,"0,0010034418053925%"
1,40.77.167.101,"0,0010034418053925%"
1,35.87.101.46,"0,0010034418053925%"
1,35.85.155.219,"0,0010034418053925%"
1,34.125.140.167,"0,0010034418053925%"
1,34.106.8.148,"0,0010034418053925%"
1,31.35.232.80,"0,0010034418053925%"
1,213.205.240.92,"0,0010034418053925%"
1,205.210.31.144,"0,0010034418053925%"
1,198.235.24.35,"0,0010034418053925%"
1,195.154.126.92,"0,0010034418053925%"
1,195.154.123.97,"0,0010034418053925%"
1,195.154.123.93,"0,0010034418053925%"
1,195.154.123.90,"0,0010034418053925%"
1,195.154.123.9,"0,0010034418053925%"
1,195.154.123.88,"0,0010034418053925%"
1,195.154.123.85,"0,0010034418053925%"
1,195.154.123.81,"0,0010034418053925%"
1,195.154.123.79,"0,0010034418053925%"
1,195.154.123.6,"0,0010034418053925%"
1,195.154.123.54,"0,0010034418053925%"
1,195.154.123.5,"0,0010034418053925%"
1,195.154.123.48,"0,0010034418053925%"
1,195.154.123.45,"0,0010034418053925%"
1,195.154.123.41,"0,0010034418053925%"
1,195.154.123.4,"0,0010034418053925%"
1,195.154.123.37,"0,0010034418053925%"
1,195.154.123.27,"0,0010034418053925%"
1,195.154.123.25,"0,0010034418053925%"
1,195.154.123.24,"0,0010034418053925%"
1,195.154.123.15,"0,0010034418053925%"
1,195.154.123.144,"0,0010034418053925%"
1,195.154.123.139,"0,0010034418053925%"
1,195.154.123.129,"0,0010034418053925%"
1,195.154.123.124,"0,0010034418053925%"
1,195.154.123.120,"0,0010034418053925%"
1,195.154.123.119,"0,0010034418053925%"
1,195.154.123.116,"0,0010034418053925%"
1,195.154.123.114,"0,0010034418053925%"
1,195.154.123.110,"0,0010034418053925%"
1,195.154.123.11,"0,0010034418053925%"
1,195.154.123.106,"0,0010034418053925%"
1,195.154.123.103,"0,0010034418053925%"
1,195.154.122.86,"0,0010034418053925%"
1,195.154.122.85,"0,0010034418053925%"
1,195.154.122.79,"0,0010034418053925%"
1,195.154.122.77,"0,0010034418053925%"
1,195.154.122.75,"0,0010034418053925%"
1,195.154.122.7,"0,0010034418053925%"
1,195.154.122.69,"0,0010034418053925%"
1,195.154.122.52,"0,0010034418053925%"
1,195.154.122.50,"0,0010034418053925%"
1,195.154.122.45,"0,0010034418053925%"
1,195.154.122.44,"0,0010034418053925%"
1,195.154.122.32,"0,0010034418053925%"
1,195.154.122.255,"0,0010034418053925%"
1,195.154.122.254,"0,0010034418053925%"
1,195.154.122.245,"0,0010034418053925%"
1,195.154.122.240,"0,0010034418053925%"
1,195.154.122.23,"0,0010034418053925%"
1,195.154.122.225,"0,0010034418053925%"
1,195.154.122.217,"0,0010034418053925%"
1,195.154.122.215,"0,0010034418053925%"
1,195.154.122.204,"0,0010034418053925%"
1,195.154.122.20,"0,0010034418053925%"
1,195.154.122.198,"0,0010034418053925%"
1,195.154.122.197,"0,0010034418053925%"
1,195.154.122.192,"0,0010034418053925%"
1,195.154.122.19,"0,0010034418053925%"
1,195.154.122.184,"0,0010034418053925%"
1,195.154.122.182,"0,0010034418053925%"
1,195.154.122.18,"0,0010034418053925%"
1,195.154.122.178,"0,0010034418053925%"
1,195.154.122.165,"0,0010034418053925%"
1,195.154.122.157,"0,0010034418053925%"
1,195.154.122.156,"0,0010034418053925%"
1,195.154.122.155,"0,0010034418053925%"
1,195.154.122.14,"0,0010034418053925%"
1,195.154.122.138,"0,0010034418053925%"
1,195.154.122.134,"0,0010034418053925%"
1,195.154.122.128,"0,0010034418053925%"
1,195.154.122.126,"0,0010034418053925%"
1,195.154.122.121,"0,0010034418053925%"
1,195.154.122.12,"0,0010034418053925%"
1,195.154.122.119,"0,0010034418053925%"
1,195.154.122.117,"0,0010034418053925%"
1,195.154.122.116,"0,0010034418053925%"
1,195.154.122.111,"0,0010034418053925%"
1,195.154.122.110,"0,0010034418053925%"
1,176.187.121.3,"0,0010034418053925%"
1,176.174.107.214,"0,0010034418053925%"
1,176.145.81.237,"0,0010034418053925%"
1,173.252.127.21,"0,0010034418053925%"
1,173.252.127.116,"0,0010034418053925%"
1,17.121.115.92,"0,0010034418053925%"
1,17.121.115.9,"0,0010034418053925%"
1,17.121.115.65,"0,0010034418053925%"
1,17.121.115.28,"0,0010034418053925%"
1,17.121.115.248,"0,0010034418053925%"
1,17.121.115.233,"0,0010034418053925%"
1,17.121.115.19,"0,0010034418053925%"
1,17.121.115.175,"0,0010034418053925%"
1,17.121.115.167,"0,0010034418053925%"
1,17.121.115.154,"0,0010034418053925%"
1,17.121.115.147,"0,0010034418053925%"
1,17.121.115.120,"0,0010034418053925%"
1,17.121.114.98,"0,0010034418053925%"
1,17.121.114.83,"0,0010034418053925%"
1,17.121.114.42,"0,0010034418053925%"
1,17.121.114.37,"0,0010034418053925%"
1,17.121.114.228,"0,0010034418053925%"
1,17.121.114.208,"0,0010034418053925%"
1,17.121.114.179,"0,0010034418053925%"
1,17.121.114.172,"0,0010034418053925%"
1,17.121.114.17,"0,0010034418053925%"
1,17.121.114.145,"0,0010034418053925%"
1,17.121.113.78,"0,0010034418053925%"
1,17.121.113.7,"0,0010034418053925%"
1,17.121.113.59,"0,0010034418053925%"
1,17.121.113.236,"0,0010034418053925%"
1,17.121.113.227,"0,0010034418053925%"
1,17.121.113.222,"0,0010034418053925%"
1,17.121.113.22,"0,0010034418053925%"
1,17.121.113.216,"0,0010034418053925%"
1,17.121.113.181,"0,0010034418053925%"
1,17.121.113.177,"0,0010034418053925%"
1,17.121.113.16,"0,0010034418053925%"
1,17.121.113.158,"0,0010034418053925%"
1,17.121.113.125,"0,0010034418053925%"
1,17.121.113.104,"0,0010034418053925%"
1,17.121.112.82,"0,0010034418053925%"
1,17.121.112.73,"0,0010034418053925%"
1,17.121.112.57,"0,0010034418053925%"
1,17.121.112.55,"0,0010034418053925%"
1,17.121.112.237,"0,0010034418053925%"
1,17.121.112.227,"0,0010034418053925%"
1,17.121.112.215,"0,0010034418053925%"
1,17.121.112.175,"0,0010034418053925%"
1,17.121.112.166,"0,0010034418053925%"
1,17.121.112.165,"0,0010034418053925%"
1,17.121.112.125,"0,0010034418053925%"
1,17.121.112.1,"0,0010034418053925%"
1,168.119.68.254,"0,0010034418053925%"
1,168.119.68.253,"0,0010034418053925%"
1,168.119.68.252,"0,0010034418053925%"
1,168.119.68.249,"0,0010034418053925%"
1,168.119.68.248,"0,0010034418053925%"
1,168.119.68.246,"0,0010034418053925%"
1,168.119.68.245,"0,0010034418053925%"
1,168.119.68.244,"0,0010034418053925%"
1,168.119.68.240,"0,0010034418053925%"
1,168.119.68.239,"0,0010034418053925%"
1,168.119.68.238,"0,0010034418053925%"
1,168.119.68.189,"0,0010034418053925%"
1,168.119.68.185,"0,0010034418053925%"
1,168.119.68.184,"0,0010034418053925%"
1,168.119.68.182,"0,0010034418053925%"
1,168.119.68.180,"0,0010034418053925%"
1,168.119.68.178,"0,0010034418053925%"
1,168.119.68.176,"0,0010034418053925%"
1,168.119.68.172,"0,0010034418053925%"
1,168.119.68.123,"0,0010034418053925%"
1,168.119.68.122,"0,0010034418053925%"
1,168.119.68.121,"0,0010034418053925%"
1,168.119.65.52,"0,0010034418053925%"
1,168.119.65.50,"0,0010034418053925%"
1,168.119.65.49,"0,0010034418053925%"
1,168.119.65.43,"0,0010034418053925%"
1,168.119.65.123,"0,0010034418053925%"
1,168.119.65.120,"0,0010034418053925%"
1,168.119.65.113,"0,0010034418053925%"
1,168.119.65.112,"0,0010034418053925%"
1,168.119.65.111,"0,0010034418053925%"
1,168.119.65.109,"0,0010034418053925%"
1,168.119.64.252,"0,0010034418053925%"
1,168.119.64.251,"0,0010034418053925%"
1,168.119.64.245,"0,0010034418053925%"
1,114.119.165.5,"0,0010034418053925%"
1,114.119.163.52,"0,0010034418053925%"
1,114.119.161.89,"0,0010034418053925%"
1,114.119.159.135,"0,0010034418053925%"
1,114.119.158.5,"0,0010034418053925%"
1,114.119.158.251,"0,0010034418053925%"
1,114.119.158.151,"0,0010034418053925%"
1,114.119.158.149,"0,0010034418053925%"
1,114.119.158.143,"0,0010034418053925%"
1,114.119.157.4,"0,0010034418053925%"
1,114.119.156.44,"0,0010034418053925%"
1,114.119.156.154,"0,0010034418053925%"
1,114.119.156.119,"0,0010034418053925%"
1,114.119.155.64,"0,0010034418053925%"
1,114.119.155.232,"0,0010034418053925%"
1,114.119.155.203,"0,0010034418053925%"
1,114.119.155.100,"0,0010034418053925%"
1,114.119.154.9,"0,0010034418053925%"
1,114.119.154.26,"0,0010034418053925%"
1,114.119.154.211,"0,0010034418053925%"
1,114.119.154.113,"0,0010034418053925%"
1,114.119.153.25,"0,0010034418053925%"
1,114.119.153.137,"0,0010034418053925%"
1,114.119.152.160,"0,0010034418053925%"
1,114.119.150.32,"0,0010034418053925%"
1,114.119.150.210,"0,0010034418053925%"
1,114.119.147.71,"0,0010034418053925%"
1,114.119.146.88,"0,0010034418053925%"
1,114.119.146.69,"0,0010034418053925%"
1,114.119.146.41,"0,0010034418053925%"
1,114.119.146.20,"0,0010034418053925%"
1,114.119.146.120,"0,0010034418053925%"
1,114.119.146.117,"0,0010034418053925%"
1,114.119.146.109,"0,0010034418053925%"
1,114.119.145.212,"0,0010034418053925%"
1,114.119.145.123,"0,0010034418053925%"
1,114.119.143.214,"0,0010034418053925%"
1,114.119.143.210,"0,0010034418053925%"
1,114.119.143.168,"0,0010034418053925%"
1,114.119.143.119,"0,0010034418053925%"
1,114.119.142.93,"0,0010034418053925%"
1,114.119.142.37,"0,0010034418053925%"
1,114.119.141.118,"0,0010034418053925%"
1,114.119.140.60,"0,0010034418053925%"
1,114.119.140.190,"0,0010034418053925%"
1,114.119.139.48,"0,0010034418053925%"
1,114.119.139.166,"0,0010034418053925%"
1,114.119.138.230,"0,0010034418053925%"
1,114.119.137.193,"0,0010034418053925%"
1,114.119.136.245,"0,0010034418053925%"
1,114.119.136.208,"0,0010034418053925%"
1,114.119.136.185,"0,0010034418053925%"
1,114.119.136.137,"0,0010034418053925%"
1,114.119.135.96,"0,0010034418053925%"
1,114.119.134.238,"0,0010034418053925%"
1,114.119.133.108,"0,0010034418053925%"
1,114.119.132.57,"0,0010034418053925%"
1,114.119.132.192,"0,0010034418053925%"
1,114.119.132.183,"0,0010034418053925%"
1,114.119.132.173,"0,0010034418053925%"
1,114.119.132.114,"0,0010034418053925%"
1,114.119.132.11,"0,0010034418053925%"
1,114.119.132.10,"0,0010034418053925%"
1,114.119.131.180,"0,0010034418053925%"
1,114.119.131.11,"0,0010034418053925%"
1,114.119.130.125,"0,0010034418053925%"
1,114.119.128.23,"0,0010034418053925%"
1,114.119.128.172,"0,0010034418053925%"
1,114.119.128.126,"0,0010034418053925%"
1,109.232.197.87,"0,0010034418053925%"
1,109.232.197.48,"0,0010034418053925%"
1,109.232.197.47,"0,0010034418053925%"
1,109.232.197.152,"0,0010034418053925%"
1,109.232.197.103,"0,0010034418053925%"
1,109.232.197.100,"0,0010034418053925%"
1,109.232.195.19,"0,0010034418053925%"
1,109.232.195.13,"0,0010034418053925%"
1,109.232.195.11,"0,0010034418053925%"
1,109.232.193.18,"0,0010034418053925%"
1,109.232.193.125,"0,0010034418053925%"
